"","Built","n","prop"
"1","3.6.0",145,0.847953216374269
"2","3.6.1",18,0.105263157894737
"3","3.6.2",8,0.0467836257309941
